"taxonid","scientific_name","kingdom","phylum","class","order","family","genus","main_common_name","authority","published_year","assessment_date","category","criteria","population_trend","marine_system","freshwater_system","terrestrial_system","assessor","reviewer","aoo_km2","eoo_km2","elevation_upper","elevation_lower","depth_upper","depth_lower","errata_flag","errata_reason","amended_flag","amended_reason"
22697829,"Gavia stellata","ANIMALIA","CHORDATA","AVES","GAVIIFORMES","GAVIIDAE","Gavia","Red-throated Loon","(Pontoppidan, 1763)",2018,"2018-08-07","LC",NA,"Decreasing",TRUE,TRUE,TRUE,"BirdLife International","Westrip, J.R.S.",NA,"59900000",500,NA,NA,NA,NA,NA,NA,NA
22697834,"Gavia arctica","ANIMALIA","CHORDATA","AVES","GAVIIFORMES","GAVIIDAE","Gavia","Arctic Loon","(Linnaeus, 1758)",2018,"2018-08-07","LC",NA,"Decreasing",TRUE,TRUE,TRUE,"BirdLife International","Martin, R.",NA,"43400000",500,NA,NA,NA,NA,NA,NA,NA
22696545,"Tachybaptus ruficollis","ANIMALIA","CHORDATA","AVES","PODICIPEDIFORMES","PODICIPEDIDAE","Tachybaptus","Little Grebe","(Pallas, 1764)",2019,"2016-10-01","LC",NA,"Decreasing",TRUE,TRUE,TRUE,"BirdLife International","Butchart, S.H.M. & Symes, A.",NA,"170000000",1000,NA,NA,NA,NA,NA,TRUE,"Map for UAE Range updated, updated EOO."
22696602,"Podiceps cristatus","ANIMALIA","CHORDATA","AVES","PODICIPEDIFORMES","PODICIPEDIDAE","Podiceps","Great Crested Grebe","(Linnaeus, 1758)",2019,"2019-08-11","LC",NA,"Unknown",TRUE,TRUE,TRUE,"BirdLife International","Smith, D.",NA,"183000000",3000,0,NA,NA,NA,NA,NA,NA
22696610,"Podiceps nigricollis","ANIMALIA","CHORDATA","AVES","PODICIPEDIFORMES","PODICIPEDIDAE","Podiceps","Black-necked Grebe","Brehm, 1831",2018,"2018-08-07","LC",NA,"Unknown",TRUE,TRUE,TRUE,"BirdLife International","Hermes, C.",NA,"146000000",2500,NA,NA,NA,NA,NA,NA,NA
22697866,"Fulmarus glacialis","ANIMALIA","CHORDATA","AVES","PROCELLARIIFORMES","PROCELLARIIDAE","Fulmarus","Northern Fulmar","(Linnaeus, 1761)",2018,"2018-08-07","LC",NA,"Increasing",TRUE,FALSE,TRUE,"BirdLife International","Westrip, J.R.S.",NA,"90200000",300,NA,NA,NA,NA,NA,NA,NA
22698226,"Puffinus puffinus","ANIMALIA","CHORDATA","AVES","PROCELLARIIFORMES","PROCELLARIIDAE","Puffinus","Manx Shearwater","(Brünnich, 1764)",2018,"2018-08-17","LC",NA,"Unknown",TRUE,FALSE,TRUE,"BirdLife International","Wheatley, H.",NA,"120000000",1000,NA,NA,NA,NA,NA,NA,NA
22698477,"Hydrobates pelagicus","ANIMALIA","CHORDATA","AVES","PROCELLARIIFORMES","HYDROBATIDAE","Hydrobates","European Storm-petrel","(Linnaeus, 1758)",2018,"2018-08-07","LC",NA,"Unknown",TRUE,FALSE,TRUE,"BirdLife International","Westrip, J.R.S.",NA,"84900000",NA,NA,NA,NA,NA,NA,NA,NA
22696657,"Morus bassanus","ANIMALIA","CHORDATA","AVES","SULIFORMES","SULIDAE","Morus","Northern Gannet","(Linnaeus, 1758)",2018,"2018-08-10","LC",NA,"Increasing",TRUE,FALSE,TRUE,"BirdLife International","Hermes, C.",NA,"41700000",200,NA,NA,NA,NA,NA,NA,NA
22696792,"Phalacrocorax carbo","ANIMALIA","CHORDATA","AVES","SULIFORMES","PHALACROCORACIDAE","Phalacrocorax","Great Cormorant","(Linnaeus, 1758)",2019,"2018-08-09","LC",NA,"Increasing",TRUE,TRUE,TRUE,"BirdLife International","Westrip, J.R.S.",NA,"312000000",NA,NA,NA,NA,NA,NA,TRUE,"Map for UAE Range updated, updated EOO."
22697346,"Botaurus stellaris","ANIMALIA","CHORDATA","AVES","PELECANIFORMES","ARDEIDAE","Botaurus","Eurasian Bittern","(Linnaeus, 1758)",2016,"2016-10-01","LC",NA,"Decreasing",FALSE,TRUE,TRUE,"BirdLife International","Butchart, S.H.M. & Symes, A.",NA,"86200000",1400,NA,NA,NA,NA,NA,NA,NA
22735766,"Ixobrychus minutus","ANIMALIA","CHORDATA","AVES","PELECANIFORMES","ARDEIDAE","Ixobrychus","Common Little Bittern","(Linnaeus, 1766)",2019,"2018-08-09","LC",NA,"Decreasing",FALSE,TRUE,TRUE,"BirdLife International","Wheatley, H.",NA,"34800000",1800,NA,NA,NA,NA,NA,TRUE,"Map for UAE Range updated, updated EOO."
62774969,"Egretta garzetta","ANIMALIA","CHORDATA","AVES","PELECANIFORMES","ARDEIDAE","Egretta","Little Egret","(Linnaeus, 1766)",2016,"2016-10-01","LC",NA,"Increasing",FALSE,TRUE,TRUE,"BirdLife International","Butchart, S.H.M. & Symes, A.",NA,"151000000",2000,NA,NA,NA,NA,NA,NA,NA
22696993,"Ardea cinerea","ANIMALIA","CHORDATA","AVES","PELECANIFORMES","ARDEIDAE","Ardea","Grey Heron","Linnaeus, 1758",2019,"2019-08-13","LC",NA,"Unknown",TRUE,TRUE,TRUE,"BirdLife International","Hermes, C.",NA,"136000000",4000,NA,NA,NA,NA,NA,NA,NA
22697031,"Ardea purpurea","ANIMALIA","CHORDATA","AVES","PELECANIFORMES","ARDEIDAE","Ardea","Purple Heron","Linnaeus, 1766",2019,"2019-08-14","LC",NA,"Decreasing",TRUE,TRUE,TRUE,"BirdLife International","Hermes, C.",NA,"109000000",1800,NA,NA,NA,NA,NA,NA,NA
22697555,"Platalea leucorodia","ANIMALIA","CHORDATA","AVES","PELECANIFORMES","THRESKIORNITHIDAE","Platalea","Eurasian Spoonbill","Linnaeus, 1758",2019,"2016-10-01","LC",NA,"Unknown",TRUE,TRUE,TRUE,"BirdLife International","Butchart, S.H.M. & Symes, A.",NA,"60400000",NA,NA,NA,NA,NA,NA,TRUE,"Updated map: Redrew range in Iberia and changed to resident. EOO updated."
22679839,"Cygnus olor","ANIMALIA","CHORDATA","AVES","ANSERIFORMES","ANATIDAE","Cygnus","Mute Swan","(Gmelin, 1789)",2016,"2016-10-01","LC",NA,"Increasing",TRUE,TRUE,TRUE,"BirdLife International","Butchart, S.H.M. & Symes, A.",NA,"22500000",NA,NA,NA,NA,NA,NA,NA,NA
22679856,"Cygnus cygnus","ANIMALIA","CHORDATA","AVES","ANSERIFORMES","ANATIDAE","Cygnus","Whooper Swan","(Linnaeus, 1758)",2016,"2016-10-01","LC",NA,"Unknown",FALSE,TRUE,TRUE,"BirdLife International","Butchart, S.H.M. & Symes, A.",NA,"29500000",NA,NA,NA,NA,NA,NA,NA,NA
22679872,"Anser brachyrhynchus","ANIMALIA","CHORDATA","AVES","ANSERIFORMES","ANATIDAE","Anser","Pink-footed Goose","Baillon, 1834",2016,"2016-10-01","LC",NA,"Increasing",TRUE,TRUE,TRUE,"BirdLife International","Butchart, S.H.M. & Symes, A.",NA,"567000",NA,NA,NA,NA,NA,NA,NA,NA
22679889,"Anser anser","ANIMALIA","CHORDATA","AVES","ANSERIFORMES","ANATIDAE","Anser","Greylag Goose","(Linnaeus, 1758)",2018,"2018-08-09","LC",NA,"Increasing",FALSE,TRUE,TRUE,"BirdLife International","Wheatley, H.",NA,"31200000",NA,NA,NA,NA,NA,NA,NA,NA
22679896,"Anser caerulescens","ANIMALIA","CHORDATA","AVES","ANSERIFORMES","ANATIDAE","Anser","Snow Goose","(Linnaeus, 1758)",2021,"2020-11-12","LC",NA,"Increasing",TRUE,TRUE,TRUE,"BirdLife International","Martin, R.",NA,"8480000",2500,0,NA,NA,NA,NA,NA,NA
22679935,"Branta canadensis","ANIMALIA","CHORDATA","AVES","ANSERIFORMES","ANATIDAE","Branta","Canada Goose","(Linnaeus, 1758)",2018,"2018-08-09","LC",NA,"Increasing",FALSE,TRUE,TRUE,"BirdLife International","Wheatley, H.",NA,"12800000",2000,NA,NA,NA,NA,NA,NA,NA
22679943,"Branta leucopsis","ANIMALIA","CHORDATA","AVES","ANSERIFORMES","ANATIDAE","Branta","Barnacle Goose","(Bechstein, 1803)",2018,"2018-08-09","LC",NA,"Increasing",TRUE,TRUE,TRUE,"BirdLife International","Wheatley, H.",NA,"889000",NA,NA,NA,NA,NA,NA,NA,NA
22679954,"Branta ruficollis","ANIMALIA","CHORDATA","AVES","ANSERIFORMES","ANATIDAE","Branta","Red-breasted Goose","(Pallas, 1769)",2017,"2016-10-01","VU","A2bcd+3bcd+4bcd","Decreasing",TRUE,TRUE,TRUE,"BirdLife International","Butchart, S.H.M. & Symes, A.",NA,"871000",NA,NA,NA,NA,NA,NA,TRUE,"Map edited: Corrected wintering range. EOO updated. Edited Conservation Actions Information text."
22679993,"Alopochen aegyptiaca","ANIMALIA","CHORDATA","AVES","ANSERIFORMES","ANATIDAE","Alopochen","Egyptian Goose","(Linnaeus, 1766)",2018,"2018-08-09","LC",NA,"Decreasing",FALSE,TRUE,TRUE,"BirdLife International","Wheatley, H.",NA,"28900000",4000,NA,NA,NA,NA,NA,NA,NA
22680003,"Tadorna ferruginea","ANIMALIA","CHORDATA","AVES","ANSERIFORMES","ANATIDAE","Tadorna","Ruddy Shelduck","(Pallas, 1764)",2016,"2016-10-01","LC",NA,"Unknown",FALSE,TRUE,TRUE,"BirdLife International","Butchart, S.H.M. & Symes, A.",NA,"37900000",NA,NA,NA,NA,NA,NA,NA,NA
22680024,"Tadorna tadorna","ANIMALIA","CHORDATA","AVES","ANSERIFORMES","ANATIDAE","Tadorna","Common Shelduck","(Linnaeus, 1758)",2019,"2019-08-14","LC",NA,"Increasing",TRUE,TRUE,TRUE,"BirdLife International","Hermes, C.",NA,"31600000",NA,NA,NA,NA,NA,NA,NA,NA
22680104,"Aix sponsa","ANIMALIA","CHORDATA","AVES","ANSERIFORMES","ANATIDAE","Aix","Wood Duck","(Linnaeus, 1758)",2021,"2020-11-12","LC",NA,"Increasing",FALSE,TRUE,TRUE,"BirdLife International","Martin, R.",NA,"11200000",900,0,NA,NA,NA,NA,NA,NA
22680107,"Aix galericulata","ANIMALIA","CHORDATA","AVES","ANSERIFORMES","ANATIDAE","Aix","Mandarin Duck","(Linnaeus, 1758)",2018,"2018-08-09","LC",NA,"Decreasing",FALSE,TRUE,TRUE,"BirdLife International","Wheatley, H.",NA,"5710000",NA,NA,NA,NA,NA,NA,NA,NA
22680157,"Mareca penelope","ANIMALIA","CHORDATA","AVES","ANSERIFORMES","ANATIDAE","Mareca","Eurasian Wigeon","(Linnaeus, 1758)",2017,"2016-10-01","LC",NA,"Decreasing",TRUE,TRUE,TRUE,"BirdLife International","Butchart, S.H.M. & Symes, A.",NA,"34900000",NA,NA,NA,NA,NA,NA,TRUE,"Removed Benin from the list of countries of occurrence. Added a Contributor."
22680149,"Mareca strepera","ANIMALIA","CHORDATA","AVES","ANSERIFORMES","ANATIDAE","Mareca","Gadwall","(Linnaeus, 1758)",2016,"2016-10-01","LC",NA,"Increasing",FALSE,TRUE,TRUE,"BirdLife International","Butchart, S.H.M. & Symes, A.",NA,"73100000",NA,NA,NA,NA,NA,NA,NA,NA
22680321,"Anas crecca","ANIMALIA","CHORDATA","AVES","ANSERIFORMES","ANATIDAE","Anas","Common Teal","Linnaeus, 1758",2020,"2020-08-13","LC",NA,"Unknown",FALSE,TRUE,TRUE,"BirdLife International","Fernando, E.",NA,"60200000",NA,NA,NA,NA,NA,NA,NA,NA
22680186,"Anas platyrhynchos","ANIMALIA","CHORDATA","AVES","ANSERIFORMES","ANATIDAE","Anas","Mallard","Linnaeus, 1758",2019,"2016-10-01","LC",NA,"Increasing",FALSE,TRUE,TRUE,"BirdLife International","Butchart, S.H.M. & Symes, A.",NA,"65800000",1000,NA,NA,NA,NA,NA,TRUE,"Map for UAE Range updated, updated EOO."
22680301,"Anas acuta","ANIMALIA","CHORDATA","AVES","ANSERIFORMES","ANATIDAE","Anas","Northern Pintail","Linnaeus, 1758",2019,"2019-08-13","LC",NA,"Decreasing",TRUE,TRUE,TRUE,"BirdLife International","Hermes, C.",NA,"41900000",NA,NA,NA,NA,NA,NA,NA,NA
22680313,"Spatula querquedula","ANIMALIA","CHORDATA","AVES","ANSERIFORMES","ANATIDAE","Spatula","Garganey","(Linnaeus, 1758)",2016,"2016-10-01","LC",NA,"Decreasing",TRUE,TRUE,TRUE,"BirdLife International","Butchart, S.H.M. & Symes, A.",NA,"32500000",NA,NA,NA,NA,NA,NA,NA,NA
22680247,"Spatula clypeata","ANIMALIA","CHORDATA","AVES","ANSERIFORMES","ANATIDAE","Spatula","Northern Shoveler","(Linnaeus, 1758)",2019,"2019-08-14","LC",NA,"Decreasing",TRUE,TRUE,TRUE,"BirdLife International","Hermes, C.",NA,"39900000",NA,NA,NA,NA,NA,NA,NA,NA
22680348,"Netta rufina","ANIMALIA","CHORDATA","AVES","ANSERIFORMES","ANATIDAE","Netta","Red-crested Pochard","(Pallas, 1773)",2016,"2016-10-01","LC",NA,"Unknown",FALSE,TRUE,TRUE,"BirdLife International","Butchart, S.H.M. & Symes, A.",NA,"19600000",NA,NA,NA,NA,NA,NA,NA,NA
22680358,"Aythya ferina","ANIMALIA","CHORDATA","AVES","ANSERIFORMES","ANATIDAE","Aythya","Common Pochard","(Linnaeus, 1758)",2021,"2021-08-18","VU","A2abcd+3bcd+4abcd","Decreasing",TRUE,TRUE,TRUE,"BirdLife International","Clark, J.",NA,"548000",2690,0,NA,NA,NA,NA,NA,NA
22680391,"Aythya fuligula","ANIMALIA","CHORDATA","AVES","ANSERIFORMES","ANATIDAE","Aythya","Tufted Duck","(Linnaeus, 1758)",2016,"2016-10-01","LC",NA,"Stable",TRUE,TRUE,TRUE,"BirdLife International","Butchart, S.H.M. & Symes, A.",NA,"34900000",NA,NA,NA,NA,NA,NA,NA,NA
22680405,"Somateria mollissima","ANIMALIA","CHORDATA","AVES","ANSERIFORMES","ANATIDAE","Somateria","Common Eider","(Linnaeus, 1758)",2018,"2018-08-07","NT",NA,"Unknown",TRUE,FALSE,TRUE,"BirdLife International","Westrip, J.R.S.",NA,"59900000",NA,NA,NA,NA,NA,NA,NA,NA
22724879,"Melanitta nigra","ANIMALIA","CHORDATA","AVES","ANSERIFORMES","ANATIDAE","Melanitta","Common Scoter","(Linnaeus, 1758)",2018,"2018-08-07","LC",NA,"Unknown",TRUE,TRUE,TRUE,"BirdLife International","Westrip, J.R.S.",NA,"7110000",NA,NA,NA,NA,NA,NA,NA,NA
22680455,"Bucephala clangula","ANIMALIA","CHORDATA","AVES","ANSERIFORMES","ANATIDAE","Bucephala","Common Goldeneye","(Linnaeus, 1758)",2018,"2018-08-07","LC",NA,"Stable",TRUE,TRUE,TRUE,"BirdLife International","Wheatley, H.",NA,"46900000",2000,NA,NA,NA,NA,NA,NA,NA
22680485,"Mergus serrator","ANIMALIA","CHORDATA","AVES","ANSERIFORMES","ANATIDAE","Mergus","Red-breasted Merganser","Linnaeus, 1758",2018,"2018-08-07","LC",NA,"Stable",TRUE,TRUE,TRUE,"BirdLife International","Westrip, J.R.S.",NA,"64500000",NA,NA,NA,NA,NA,NA,NA,NA
22680492,"Mergus merganser","ANIMALIA","CHORDATA","AVES","ANSERIFORMES","ANATIDAE","Mergus","Goosander","Linnaeus, 1758",2018,"2018-08-07","LC",NA,"Unknown",TRUE,TRUE,TRUE,"BirdLife International","Westrip, J.R.S.",NA,"82100000",1900,1900,NA,NA,NA,NA,NA,NA
22727750,"Oxyura jamaicensis","ANIMALIA","CHORDATA","AVES","ANSERIFORMES","ANATIDAE","Oxyura","Ruddy Duck","(Gmelin, 1789)",2018,"2018-08-09","LC",NA,"Decreasing",FALSE,TRUE,TRUE,"BirdLife International","Wheatley, H.",NA,"17600000",2200,NA,NA,NA,NA,NA,NA,NA
22695072,"Milvus milvus","ANIMALIA","CHORDATA","AVES","ACCIPITRIFORMES","ACCIPITRIDAE","Milvus","Red Kite","(Linnaeus, 1758)",2020,"2020-08-17","LC",NA,"Increasing",FALSE,FALSE,TRUE,"BirdLife International","Fernando, E.",NA,"6250000",1600,0,NA,NA,NA,NA,NA,NA
22695344,"Circus aeruginosus","ANIMALIA","CHORDATA","AVES","ACCIPITRIFORMES","ACCIPITRIDAE","Circus","Western Marsh-harrier","(Linnaeus, 1758)",2021,"2021-06-22","LC",NA,"Stable",FALSE,TRUE,TRUE,"BirdLife International","Bell, F.",NA,"24800000",3000,0,NA,NA,NA,NA,NA,NA
22727733,"Circus cyaneus","ANIMALIA","CHORDATA","AVES","ACCIPITRIFORMES","ACCIPITRIDAE","Circus","Hen Harrier","(Linnaeus, 1766)",2021,"2021-05-21","LC",NA,"Decreasing",FALSE,TRUE,TRUE,"BirdLife International","Clark, J.",NA,"34800000",3000,0,NA,NA,NA,NA,NA,NA
22695683,"Accipiter gentilis","ANIMALIA","CHORDATA","AVES","ACCIPITRIFORMES","ACCIPITRIDAE","Accipiter","Northern Goshawk","(Linnaeus, 1758)",2021,"2021-03-23","LC",NA,"Unknown",FALSE,FALSE,TRUE,"BirdLife International","Clark, J.",NA,"113000000",3400,0,NA,NA,NA,NA,NA,NA
22695624,"Accipiter nisus","ANIMALIA","CHORDATA","AVES","ACCIPITRIFORMES","ACCIPITRIDAE","Accipiter","Eurasian Sparrowhawk","(Linnaeus, 1758)",2021,"2021-04-09","LC",NA,"Stable",FALSE,FALSE,TRUE,"BirdLife International","Clark, J.",NA,"54400000",4500,0,NA,NA,NA,NA,NA,NA
61695117,"Buteo buteo","ANIMALIA","CHORDATA","AVES","ACCIPITRIFORMES","ACCIPITRIDAE","Buteo","Eurasian Buzzard","(Linnaeus, 1758)",2021,"2021-08-18","LC",NA,"Increasing",FALSE,TRUE,TRUE,"BirdLife International","Clark, J.",NA,"33500000",2000,0,NA,NA,NA,NA,NA,NA
22696060,"Aquila chrysaetos","ANIMALIA","CHORDATA","AVES","ACCIPITRIFORMES","ACCIPITRIDAE","Aquila","Golden Eagle","(Linnaeus, 1758)",2021,"2021-05-27","LC",NA,"Stable",FALSE,FALSE,TRUE,"BirdLife International","Clark, J.",NA,"139000000",4000,0,NA,NA,NA,NA,NA,NA
22694938,"Pandion haliaetus","ANIMALIA","CHORDATA","AVES","ACCIPITRIFORMES","PANDIONIDAE","Pandion","Osprey","(Linnaeus, 1758)",2021,"2021-08-17","LC",NA,"Increasing",TRUE,TRUE,TRUE,"BirdLife International","Clark, J.",NA,"298000000",1000,0,NA,NA,NA,NA,NA,NA
22696362,"Falco tinnunculus","ANIMALIA","CHORDATA","AVES","FALCONIFORMES","FALCONIDAE","Falco","Common Kestrel","Linnaeus, 1758",2021,"2021-08-10","LC",NA,"Decreasing",FALSE,FALSE,TRUE,"BirdLife International","Clark, J.",NA,"106000000",3500,0,NA,NA,NA,NA,NA,NA
22696453,"Falco columbarius","ANIMALIA","CHORDATA","AVES","FALCONIFORMES","FALCONIDAE","Falco","Merlin","Linnaeus, 1758",2021,"2021-08-12","LC",NA,"Stable",TRUE,FALSE,TRUE,"BirdLife International","Clark, J.",NA,"103000000",NA,NA,NA,NA,NA,NA,NA,NA
22696460,"Falco subbuteo","ANIMALIA","CHORDATA","AVES","FALCONIFORMES","FALCONIDAE","Falco","Eurasian Hobby","Linnaeus, 1758",2021,"2021-08-10","LC",NA,"Decreasing",FALSE,TRUE,TRUE,"BirdLife International","Clark, J.",NA,"49300000",NA,NA,NA,NA,NA,NA,NA,NA
45354964,"Falco peregrinus","ANIMALIA","CHORDATA","AVES","FALCONIFORMES","FALCONIDAE","Falco","Peregrine Falcon","Tunstall, 1771",2021,"2021-08-10","LC",NA,"Increasing",TRUE,TRUE,TRUE,"BirdLife International","Bell, F.",NA,"413000000",3300,0,NA,NA,NA,NA,NA,NA
22679460,"Lagopus lagopus","ANIMALIA","CHORDATA","AVES","GALLIFORMES","PHASIANIDAE","Lagopus","Willow Grouse","(Linnaeus, 1758)",2016,"2016-10-01","LC",NA,"Decreasing",FALSE,FALSE,TRUE,"BirdLife International","Butchart, S.H.M. & Symes, A.",NA,"48000000",NA,NA,NA,NA,NA,NA,NA,NA
22679464,"Lagopus muta","ANIMALIA","CHORDATA","AVES","GALLIFORMES","PHASIANIDAE","Lagopus","Rock Ptarmigan","(Montin, 1776)",2016,"2016-10-01","LC",NA,"Decreasing",FALSE,FALSE,TRUE,"BirdLife International","Butchart, S.H.M. & Symes, A.",NA,"77700000",5000,2000,NA,NA,TRUE,"Reference corrected.",NA,NA
22679480,"Lyrurus tetrix","ANIMALIA","CHORDATA","AVES","GALLIFORMES","PHASIANIDAE","Lyrurus","Black Grouse","(Linnaeus, 1758)",2016,"2016-10-01","LC",NA,"Decreasing",FALSE,TRUE,TRUE,"BirdLife International","Butchart, S.H.M. & Symes, A.",NA,"25600000",3000,NA,NA,NA,NA,NA,NA,NA
22679487,"Tetrao urogallus","ANIMALIA","CHORDATA","AVES","GALLIFORMES","PHASIANIDAE","Tetrao","Western Capercaillie","Linnaeus, 1758",2016,"2016-10-01","LC",NA,"Decreasing",FALSE,FALSE,TRUE,"BirdLife International","Butchart, S.H.M. & Symes, A.",NA,"21700000",NA,NA,NA,NA,NA,NA,NA,NA
22678711,"Alectoris rufa","ANIMALIA","CHORDATA","AVES","GALLIFORMES","PHASIANIDAE","Alectoris","Red-legged Partridge","(Linnaeus, 1758)",2020,"2020-08-28","NT",NA,"Decreasing",FALSE,FALSE,TRUE,"BirdLife International","Hermes, C.",NA,"1710000",2000,NA,NA,NA,NA,NA,NA,NA
22678911,"Perdix perdix","ANIMALIA","CHORDATA","AVES","GALLIFORMES","PHASIANIDAE","Perdix","Grey Partridge","(Linnaeus, 1758)",2016,"2016-10-01","LC",NA,"Decreasing",FALSE,FALSE,TRUE,"BirdLife International","Butchart, S.H.M. & Symes, A.",NA,"16900000",NA,NA,NA,NA,NA,NA,NA,NA
22678944,"Coturnix coturnix","ANIMALIA","CHORDATA","AVES","GALLIFORMES","PHASIANIDAE","Coturnix","Common Quail","(Linnaeus, 1758)",2018,"2018-08-09","LC",NA,"Decreasing",FALSE,FALSE,TRUE,"BirdLife International","Wheatley, H.",NA,"64600000",1000,NA,NA,NA,NA,NA,NA,NA
45100023,"Phasianus colchicus","ANIMALIA","CHORDATA","AVES","GALLIFORMES","PHASIANIDAE","Phasianus","Common Pheasant","(Linnaeus, 1758)",2016,"2016-10-01","LC",NA,"Decreasing",FALSE,FALSE,TRUE,"BirdLife International","Butchart, S.H.M. & Symes, A.",NA,"20900000",NA,NA,NA,NA,NA,NA,NA,NA
22679355,"Chrysolophus pictus","ANIMALIA","CHORDATA","AVES","GALLIFORMES","PHASIANIDAE","Chrysolophus","Golden Pheasant","(Linnaeus, 1758)",2018,"2018-08-07","LC",NA,"Decreasing",FALSE,FALSE,TRUE,"BirdLife International","Wheatley, H.",NA,"1010000",NA,NA,NA,NA,NA,NA,NA,NA
22725141,"Rallus aquaticus","ANIMALIA","CHORDATA","AVES","GRUIFORMES","RALLIDAE","Rallus","Western Water Rail","Linnaeus, 1758",2019,"2016-10-01","LC",NA,"Decreasing",FALSE,TRUE,TRUE,"BirdLife International","Butchart, S.H.M. & Symes, A.",NA,"32800000",2000,NA,NA,NA,NA,NA,TRUE,"Map for UAE Range updated, updated EOO."
22692676,"Porzana porzana","ANIMALIA","CHORDATA","AVES","GRUIFORMES","RALLIDAE","Porzana","Spotted Crake","(Linnaeus, 1766)",2016,"2016-10-01","LC",NA,"Stable",FALSE,TRUE,TRUE,"BirdLife International","Butchart, S.H.M. & Symes, A.",NA,"28000000",2420,NA,NA,NA,NA,NA,NA,NA
22692543,"Crex crex","ANIMALIA","CHORDATA","AVES","GRUIFORMES","RALLIDAE","Crex","Corncrake","(Linnaeus, 1758)",2016,"2016-10-01","LC",NA,"Stable",FALSE,TRUE,TRUE,"BirdLife International","Butchart, S.H.M. & Symes, A.",NA,"7070000",3000,NA,NA,NA,NA,NA,NA,NA
62120190,"Gallinula chloropus","ANIMALIA","CHORDATA","AVES","GRUIFORMES","RALLIDAE","Gallinula","Common Moorhen","(Linnaeus, 1758)",2019,"2016-10-01","LC",NA,"Stable",TRUE,TRUE,TRUE,"BirdLife International","Butchart, S.H.M. & Symes, A.",NA,"143000000",4000,NA,NA,NA,NA,NA,TRUE,"Map for UAE Range updated, updated EOO."
22692913,"Fulica atra","ANIMALIA","CHORDATA","AVES","GRUIFORMES","RALLIDAE","Fulica","Common Coot","Linnaeus, 1758",2019,"2019-08-14","LC",NA,"Increasing",TRUE,TRUE,TRUE,"BirdLife International","Hermes, C.",NA,"152000000",3500,NA,NA,NA,NA,NA,NA,NA
22693613,"Haematopus ostralegus","ANIMALIA","CHORDATA","AVES","CHARADRIIFORMES","HAEMATOPODIDAE","Haematopus","Eurasian Oystercatcher","Linnaeus, 1758",2019,"2019-07-26","NT",NA,"Decreasing",TRUE,TRUE,TRUE,"BirdLife International","Wheatley, H.",NA,"36600000",NA,NA,NA,NA,NA,NA,NA,NA
22727969,"Himantopus himantopus","ANIMALIA","CHORDATA","AVES","CHARADRIIFORMES","RECURVIROSTRIDAE","Himantopus","Black-winged Stilt","(Linnaeus, 1758)",2019,"2016-10-01","LC",NA,"Increasing",TRUE,TRUE,TRUE,"BirdLife International","Butchart, S.H.M. & Symes, A.",NA,"335000000",4200,NA,NA,NA,NA,NA,TRUE,"Updated map: Edited for UAE National Red List. EOO updated."
22693712,"Recurvirostra avosetta","ANIMALIA","CHORDATA","AVES","CHARADRIIFORMES","RECURVIROSTRIDAE","Recurvirostra","Pied Avocet","Linnaeus, 1758",2021,"2020-09-04","LC",NA,"Unknown",TRUE,TRUE,TRUE,"BirdLife International","Wheatley, H.",NA,"77200000",3000,NA,NA,NA,NA,NA,NA,NA
45111439,"Burhinus oedicnemus","ANIMALIA","CHORDATA","AVES","CHARADRIIFORMES","BURHINIDAE","Burhinus","Eurasian Thick-knee","(Linnaeus, 1758)",2018,"2018-08-09","LC",NA,"Decreasing",FALSE,FALSE,TRUE,"BirdLife International","Wheatley, H.",NA,"27000000",NA,0,NA,NA,NA,NA,NA,NA
22693770,"Charadrius dubius","ANIMALIA","CHORDATA","AVES","CHARADRIIFORMES","CHARADRIIDAE","Charadrius","Little Ringed Plover","Scopoli, 1786",2019,"2016-10-01","LC",NA,"Stable",TRUE,TRUE,TRUE,"BirdLife International","Butchart, S.H.M. & Symes, A.",NA,"55900000",800,NA,NA,NA,NA,NA,TRUE,"Map for UAE Range updated, updated EOO."
22693759,"Charadrius hiaticula","ANIMALIA","CHORDATA","AVES","CHARADRIIFORMES","CHARADRIIDAE","Charadrius","Common Ringed Plover","Linnaeus, 1758",2019,"2016-10-01","LC",NA,"Decreasing",TRUE,TRUE,TRUE,"BirdLife International","Butchart, S.H.M. & Symes, A.",NA,"414000",NA,NA,NA,NA,NA,NA,TRUE,"Map for UAE Range updated, updated EOO."
22693727,"Pluvialis apricaria","ANIMALIA","CHORDATA","AVES","CHARADRIIFORMES","CHARADRIIDAE","Pluvialis","Eurasian Golden Plover","(Linnaeus, 1758)",2016,"2016-10-01","LC",NA,"Increasing",TRUE,TRUE,TRUE,"BirdLife International","Butchart, S.H.M. & Symes, A.",NA,"11100000",NA,NA,NA,NA,NA,NA,NA,NA
22693949,"Vanellus vanellus","ANIMALIA","CHORDATA","AVES","CHARADRIIFORMES","CHARADRIIDAE","Vanellus","Northern Lapwing","(Linnaeus, 1758)",2017,"2016-10-01","NT",NA,"Decreasing",TRUE,FALSE,TRUE,"BirdLife International","Butchart, S.H.M. & Symes, A.",NA,"31900000",NA,NA,NA,NA,NA,NA,TRUE,"Edited Threats and Conservation Actions Information text, as well as seasonality of occurrence in Italy. Added an extra threat, and an extra line in Actions Needed. Also edited the references and added a new Facilitator/Compiler."
22693427,"Calidris alpina","ANIMALIA","CHORDATA","AVES","CHARADRIIFORMES","SCOLOPACIDAE","Calidris","Dunlin","(Linnaeus, 1758)",2019,"2016-10-01","LC",NA,"Decreasing",TRUE,TRUE,TRUE,"BirdLife International","Butchart, S.H.M. & Symes, A.",NA,"3960000",NA,NA,NA,NA,NA,NA,TRUE,"Map for UAE Range updated, updated EOO."
22693097,"Gallinago gallinago","ANIMALIA","CHORDATA","AVES","CHARADRIIFORMES","SCOLOPACIDAE","Gallinago","Common Snipe","(Linnaeus, 1758)",2019,"2016-10-01","LC",NA,"Decreasing",FALSE,TRUE,TRUE,"BirdLife International","Butchart, S.H.M. & Symes, A.",NA,"21500000",NA,NA,NA,NA,NA,NA,TRUE,"Map for UAE Range updated, updated EOO."
22693052,"Scolopax rusticola","ANIMALIA","CHORDATA","AVES","CHARADRIIFORMES","SCOLOPACIDAE","Scolopax","Eurasian Woodcock","Linnaeus, 1758",2019,"2016-10-01","LC",NA,"Stable",FALSE,FALSE,TRUE,"BirdLife International","Butchart, S.H.M. & Symes, A.",NA,"40700000",NA,NA,NA,NA,NA,NA,TRUE,"Updated map: Added to the western group of the Azores. EOO updated."
22693150,"Limosa limosa","ANIMALIA","CHORDATA","AVES","CHARADRIIFORMES","SCOLOPACIDAE","Limosa","Black-tailed Godwit","(Linnaeus, 1758)",2017,"2016-10-01","NT",NA,"Decreasing",TRUE,TRUE,TRUE,"BirdLife International","Butchart, S.H.M. & Symes, A.",NA,"30300000",NA,NA,NA,NA,NA,NA,TRUE,"Added information into the Geographic range, Habitats and ecology, Threats, Conservation Actions and Population Trend text fields, and updated the global references. Also edited Threats Information text, and added an extra threat. Edited seasonality of occurrence for some countries, and altered the Actions Needed. Added new Contributors and new Facilitators/Compilers."
22693178,"Numenius phaeopus","ANIMALIA","CHORDATA","AVES","CHARADRIIFORMES","SCOLOPACIDAE","Numenius","Whimbrel","(Linnaeus, 1758)",2016,"2016-10-01","LC",NA,"Decreasing",TRUE,TRUE,TRUE,"BirdLife International","Butchart, S.H.M. & Symes, A.",NA,"31100000",NA,NA,NA,NA,NA,NA,NA,NA
22693190,"Numenius arquata","ANIMALIA","CHORDATA","AVES","CHARADRIIFORMES","SCOLOPACIDAE","Numenius","Eurasian Curlew","(Linnaeus, 1758)",2017,"2017-10-01","NT",NA,"Decreasing",TRUE,TRUE,TRUE,"BirdLife International","Symes, A.",NA,"20700000",NA,NA,NA,NA,NA,NA,NA,NA
22693211,"Tringa totanus","ANIMALIA","CHORDATA","AVES","CHARADRIIFORMES","SCOLOPACIDAE","Tringa","Common Redshank","(Linnaeus, 1758)",2016,"2016-10-01","LC",NA,"Unknown",TRUE,TRUE,TRUE,"BirdLife International","Butchart, S.H.M. & Symes, A.",NA,"40700000",NA,NA,NA,NA,NA,NA,NA,NA
22693220,"Tringa nebularia","ANIMALIA","CHORDATA","AVES","CHARADRIIFORMES","SCOLOPACIDAE","Tringa","Common Greenshank","(Gunnerus, 1767)",2016,"2016-10-01","LC",NA,"Stable",TRUE,TRUE,TRUE,"BirdLife International","Butchart, S.H.M. & Symes, A.",NA,"18700000",NA,NA,NA,NA,NA,NA,NA,NA
22693264,"Actitis hypoleucos","ANIMALIA","CHORDATA","AVES","CHARADRIIFORMES","SCOLOPACIDAE","Actitis","Common Sandpiper","Linnaeus, 1758",2016,"2016-10-01","LC",NA,"Decreasing",TRUE,TRUE,TRUE,"BirdLife International","Butchart, S.H.M. & Symes, A.",NA,"47200000",NA,NA,NA,NA,NA,NA,NA,NA
22694245,"Stercorarius parasiticus","ANIMALIA","CHORDATA","AVES","CHARADRIIFORMES","STERCORARIIDAE","Stercorarius","Arctic Jaeger","(Linnaeus, 1758)",2018,"2018-08-07","LC",NA,"Stable",TRUE,FALSE,TRUE,"BirdLife International","Hermes, C.",NA,"148000000",700,NA,NA,NA,NA,NA,NA,NA
22694308,"Larus canus","ANIMALIA","CHORDATA","AVES","CHARADRIIFORMES","LARIDAE","Larus","Mew Gull","Linnaeus, 1758",2019,"2018-08-08","LC",NA,"Unknown",TRUE,TRUE,TRUE,"BirdLife International","Martin, R.",NA,"2640000",1400,NA,NA,NA,NA,NA,TRUE,"Map updated: Passage range added. Updated EOO."
22694373,"Larus fuscus","ANIMALIA","CHORDATA","AVES","CHARADRIIFORMES","LARIDAE","Larus","Lesser Black-backed Gull","Linnaeus, 1758",2019,"2018-08-08","LC",NA,"Increasing",TRUE,TRUE,TRUE,"BirdLife International","Westrip, J.R.S.",NA,"19400000",NA,NA,NA,NA,TRUE,"Correction of extent of occurrence from 153,000 km² to&#160;19,400,000&#160;km².",TRUE,"Passage range added, updated EOO."
62030608,"Larus argentatus","ANIMALIA","CHORDATA","AVES","CHARADRIIFORMES","LARIDAE","Larus","European Herring Gull","Pontoppidan, 1763",2021,"2021-08-19","LC",NA,"Decreasing",TRUE,TRUE,TRUE,"BirdLife International","Clark, J.",NA,"7180000",2000,0,NA,NA,NA,NA,NA,NA
22694324,"Larus marinus","ANIMALIA","CHORDATA","AVES","CHARADRIIFORMES","LARIDAE","Larus","Great Black-backed Gull","Linnaeus, 1758",2018,"2018-08-07","LC",NA,"Unknown",TRUE,FALSE,TRUE,"BirdLife International","Wheatley, H.",NA,"27900000",NA,NA,NA,NA,NA,NA,NA,NA
22694497,"Rissa tridactyla","ANIMALIA","CHORDATA","AVES","CHARADRIIFORMES","LARIDAE","Rissa","Black-legged Kittiwake","(Linnaeus, 1758)",2019,"2018-08-08","VU","A2abd+3bd+4abd","Decreasing",TRUE,FALSE,TRUE,"BirdLife International","Hermes, C.",NA,"561000",NA,NA,NA,NA,NA,NA,TRUE,"Passage range added, updated EOO."
22694591,"Thalasseus sandvicensis","ANIMALIA","CHORDATA","AVES","CHARADRIIFORMES","LARIDAE","Thalasseus","Sandwich Tern","(Latham, 1787)",2019,"2019-08-15","LC",NA,"Stable",TRUE,FALSE,TRUE,"BirdLife International","Hermes, C.",NA,"98800000",50,NA,NA,NA,NA,NA,NA,NA
22694601,"Sterna dougallii","ANIMALIA","CHORDATA","AVES","CHARADRIIFORMES","LARIDAE","Sterna","Roseate Tern","Montagu, 1813",2018,"2018-08-07","LC",NA,"Unknown",TRUE,FALSE,TRUE,"BirdLife International","Westrip, J.R.S.",NA,"120000000",18,NA,NA,NA,NA,NA,NA,NA
22694623,"Sterna hirundo","ANIMALIA","CHORDATA","AVES","CHARADRIIFORMES","LARIDAE","Sterna","Common Tern","Linnaeus, 1758",2019,"2018-08-07","LC",NA,"Unknown",TRUE,TRUE,TRUE,"BirdLife International","Hermes, C.",NA,"84300000",4000,0,NA,NA,NA,NA,TRUE,"Map for UAE Range updated, updated EOO."
22694629,"Sterna paradisaea","ANIMALIA","CHORDATA","AVES","CHARADRIIFORMES","LARIDAE","Sterna","Arctic Tern","Pontoppidan, 1763",2018,"2018-08-07","LC",NA,"Decreasing",TRUE,TRUE,TRUE,"BirdLife International","Hermes, C.",NA,"64800000",100,NA,NA,NA,NA,NA,NA,NA
22694656,"Sternula albifrons","ANIMALIA","CHORDATA","AVES","CHARADRIIFORMES","LARIDAE","Sternula","Little Tern","(Pallas, 1764)",2019,"2018-08-07","LC",NA,"Decreasing",TRUE,TRUE,TRUE,"BirdLife International","Hermes, C.",NA,"152000000",2000,NA,NA,NA,NA,NA,TRUE,"Updated map: Changed Estonian range to coastal-only. EOO updated."
22694841,"Uria aalge","ANIMALIA","CHORDATA","AVES","CHARADRIIFORMES","ALCIDAE","Uria","Common Murre","(Pontoppidan, 1763)",2018,"2018-08-07","LC",NA,"Increasing",TRUE,FALSE,TRUE,"BirdLife International","Hermes, C.",NA,"80700000",NA,NA,NA,NA,NA,NA,NA,NA
22694852,"Alca torda","ANIMALIA","CHORDATA","AVES","CHARADRIIFORMES","ALCIDAE","Alca","Razorbill","Linnaeus, 1758",2021,"2021-08-17","LC",NA,"Increasing",TRUE,FALSE,TRUE,"BirdLife International","Clark, J.",NA,"16700000",NA,0,NA,NA,NA,NA,NA,NA
22694861,"Cepphus grylle","ANIMALIA","CHORDATA","AVES","CHARADRIIFORMES","ALCIDAE","Cepphus","Black Guillemot","(Linnaeus, 1758)",2018,"2018-08-07","LC",NA,"Unknown",TRUE,FALSE,TRUE,"BirdLife International","Hermes, C.",NA,"42900000",100,NA,NA,NA,NA,NA,NA,NA
22694927,"Fratercula arctica","ANIMALIA","CHORDATA","AVES","CHARADRIIFORMES","ALCIDAE","Fratercula","Atlantic Puffin","(Linnaeus, 1758)",2018,"2018-08-07","VU","A4abcde","Decreasing",TRUE,FALSE,TRUE,"BirdLife International","Westrip, J.R.S.",NA,"20800000",NA,NA,NA,NA,NA,NA,NA,NA
22690066,"Columba livia","ANIMALIA","CHORDATA","AVES","COLUMBIFORMES","COLUMBIDAE","Columba","Rock Dove","Gmelin, 1789",2019,"2016-10-01","LC",NA,"Decreasing",FALSE,FALSE,TRUE,"BirdLife International","Butchart, S.H.M. & Symes, A.",NA,"64600000",4500,NA,NA,NA,NA,NA,TRUE,"Map for UAE Range updated, updated EOO."
22690088,"Columba oenas","ANIMALIA","CHORDATA","AVES","COLUMBIFORMES","COLUMBIDAE","Columba","Stock Dove","Linnaeus, 1758",2016,"2016-10-01","LC",NA,"Increasing",FALSE,FALSE,TRUE,"BirdLife International","Butchart, S.H.M. & Symes, A.",NA,"15100000",1000,NA,NA,NA,NA,NA,NA,NA
22690103,"Columba palumbus","ANIMALIA","CHORDATA","AVES","COLUMBIFORMES","COLUMBIDAE","Columba","Common Woodpigeon","Linnaeus, 1758",2018,"2018-08-09","LC",NA,"Increasing",FALSE,FALSE,TRUE,"BirdLife International","Wheatley, H.",NA,"26800000",1600,NA,NA,NA,NA,NA,NA,NA
22727811,"Streptopelia decaocto","ANIMALIA","CHORDATA","AVES","COLUMBIFORMES","COLUMBIDAE","Streptopelia","Eurasian Collared-dove","Frivaldszky, 1838",2019,"2019-08-14","LC",NA,"Increasing",FALSE,FALSE,TRUE,"BirdLife International","Hermes, C.",NA,"213000000",NA,NA,NA,NA,NA,NA,NA,NA
22690419,"Streptopelia turtur","ANIMALIA","CHORDATA","AVES","COLUMBIFORMES","COLUMBIDAE","Streptopelia","European Turtle-dove","(Linnaeus, 1758)",2019,"2019-08-14","VU","A2bcd+3bcd+4bcd","Decreasing",FALSE,FALSE,TRUE,"BirdLife International","Hermes, C.",NA,"7080000",1300,NA,NA,NA,NA,NA,NA,NA
22683873,"Cuculus canorus","ANIMALIA","CHORDATA","AVES","CUCULIFORMES","CUCULIDAE","Cuculus","Common Cuckoo","Linnaeus, 1758",2019,"2016-10-01","LC",NA,"Decreasing",FALSE,TRUE,TRUE,"BirdLife International","Butchart, S.H.M. & Symes, A.",NA,"51500000",3800,NA,NA,NA,NA,NA,TRUE,"Map for UAE Range updated, updated EOO."
22688504,"Tyto alba","ANIMALIA","CHORDATA","AVES","STRIGIFORMES","TYTONIDAE","Tyto","Common Barn-owl","(Scopoli, 1769)",2019,"2016-10-01","LC",NA,"Stable",FALSE,TRUE,TRUE,"BirdLife International","Butchart, S.H.M. & Symes, A.",NA,"379000000",4000,NA,NA,NA,NA,NA,TRUE,"Map for UAE Range updated, updated EOO."
22688927,"Bubo bubo","ANIMALIA","CHORDATA","AVES","STRIGIFORMES","STRIGIDAE","Bubo","Eurasian Eagle-owl","(Linnaeus, 1758)",2017,"2016-10-01","LC",NA,"Decreasing",FALSE,FALSE,TRUE,"BirdLife International","Butchart, S.H.M. & Symes, A.",NA,"51400000",4500,NA,NA,NA,NA,NA,TRUE,"Country occurrence edited - Nepal added, and seasonality corrected for multiple countries."
22689328,"Athene noctua","ANIMALIA","CHORDATA","AVES","STRIGIFORMES","STRIGIDAE","Athene","Little Owl","(Scopoli, 1769)",2019,"2018-08-09","LC",NA,"Stable",FALSE,FALSE,TRUE,"BirdLife International","Wheatley, H.",NA,"55000000",2600,NA,NA,NA,NA,NA,TRUE,"Map for UAE Range updated, updated EOO."
22725469,"Strix aluco","ANIMALIA","CHORDATA","AVES","STRIGIFORMES","STRIGIDAE","Strix","Tawny Owl","Linnaeus, 1758",2016,"2016-10-01","LC",NA,"Stable",FALSE,FALSE,TRUE,"BirdLife International","Butchart, S.H.M. & Symes, A.",NA,"23300000",2350,0,NA,NA,NA,NA,NA,NA
22689507,"Asio otus","ANIMALIA","CHORDATA","AVES","STRIGIFORMES","STRIGIDAE","Asio","Northern Long-eared Owl","(Linnaeus, 1758)",2021,"2021-05-07","LC",NA,"Decreasing",FALSE,FALSE,TRUE,"BirdLife International","Clark, J.",NA,"80000000",2750,0,NA,NA,NA,NA,NA,NA
22689531,"Asio flammeus","ANIMALIA","CHORDATA","AVES","STRIGIFORMES","STRIGIDAE","Asio","Short-eared Owl","(Pontoppidan, 1763)",2021,"2021-06-17","LC",NA,"Decreasing",FALSE,TRUE,TRUE,"BirdLife International","Clark, J.",NA,"246000000",4300,NA,NA,NA,NA,NA,NA,NA
22689887,"Caprimulgus europaeus","ANIMALIA","CHORDATA","AVES","CAPRIMULGIFORMES","CAPRIMULGIDAE","Caprimulgus","European Nightjar","Linnaeus, 1758",2016,"2016-10-01","LC",NA,"Decreasing",FALSE,FALSE,TRUE,"BirdLife International","Butchart, S.H.M. & Symes, A.",NA,"19500000",2800,NA,NA,NA,NA,NA,NA,NA
22686800,"Apus apus","ANIMALIA","CHORDATA","AVES","CAPRIMULGIFORMES","APODIDAE","Apus","Common Swift","(Linnaeus, 1758)",2016,"2016-10-01","LC",NA,"Stable",FALSE,TRUE,TRUE,"BirdLife International","Butchart, S.H.M. & Symes, A.",NA,"13300000",3300,NA,NA,NA,NA,NA,NA,NA
22683027,"Alcedo atthis","ANIMALIA","CHORDATA","AVES","CORACIIFORMES","ALCEDINIDAE","Alcedo","Common Kingfisher","(Linnaeus, 1758)",2016,"2016-10-01","LC",NA,"Unknown",TRUE,TRUE,TRUE,"BirdLife International","Butchart, S.H.M. & Symes, A.",NA,"79900000",NA,NA,NA,NA,NA,NA,NA,NA
22725022,"Picus viridis","ANIMALIA","CHORDATA","AVES","PICIFORMES","PICIDAE","Picus","Eurasian Green Woodpecker","Linnaeus, 1758",2016,"2016-10-01","LC",NA,"Increasing",FALSE,FALSE,TRUE,"BirdLife International","Butchart, S.H.M. & Symes, A.",NA,"11800000",3000,NA,NA,NA,NA,NA,NA,NA
22681124,"Dendrocopos major","ANIMALIA","CHORDATA","AVES","PICIFORMES","PICIDAE","Dendrocopos","Great Spotted Woodpecker","(Linnaeus, 1758)",2016,"2016-10-01","LC",NA,"Increasing",FALSE,FALSE,TRUE,"BirdLife International","Butchart, S.H.M. & Symes, A.",NA,"57800000",2500,NA,NA,NA,NA,NA,NA,NA
22681076,"Dryobates minor","ANIMALIA","CHORDATA","AVES","PICIFORMES","PICIDAE","Dryobates","Lesser Spotted Woodpecker","(Linnaeus, 1758)",2018,"2018-08-07","LC",NA,"Decreasing",FALSE,TRUE,TRUE,"BirdLife International","Westrip, J.R.S.",NA,"39300000",2000,NA,NA,NA,NA,NA,NA,NA
22717411,"Lullula arborea","ANIMALIA","CHORDATA","AVES","PASSERIFORMES","ALAUDIDAE","Lullula","Woodlark","(Linnaeus, 1758)",2019,"2016-10-01","LC",NA,"Increasing",FALSE,FALSE,TRUE,"BirdLife International","Butchart, S.H.M. & Symes, A.",NA,"10500000",3000,NA,NA,NA,NA,NA,TRUE,"Passage range added, updated EOO."
102998555,"Alauda arvensis","ANIMALIA","CHORDATA","AVES","PASSERIFORMES","ALAUDIDAE","Alauda","Eurasian Skylark","Linnaeus, 1758",2018,"2018-08-09","LC",NA,"Decreasing",TRUE,TRUE,TRUE,"BirdLife International","Wheatley, H.",NA,"42900000",3500,NA,NA,NA,NA,NA,NA,NA
103815961,"Riparia riparia","ANIMALIA","CHORDATA","AVES","PASSERIFORMES","HIRUNDINIDAE","Riparia","Collared Sand Martin","(Linnaeus, 1758)",2019,"2016-10-01","LC",NA,"Decreasing",FALSE,TRUE,TRUE,"BirdLife International","Butchart, S.H.M. & Symes, A.",NA,"74400000",NA,NA,NA,NA,NA,NA,TRUE,"Map for UAE Range updated, updated EOO."
22712252,"Hirundo rustica","ANIMALIA","CHORDATA","AVES","PASSERIFORMES","HIRUNDINIDAE","Hirundo","Barn Swallow","Linnaeus, 1758",2019,"2018-11-05","LC",NA,"Decreasing",FALSE,TRUE,TRUE,"BirdLife International","Smith, D.",NA,"251000000",3000,NA,NA,NA,NA,NA,NA,NA
103811886,"Delichon urbicum","ANIMALIA","CHORDATA","AVES","PASSERIFORMES","HIRUNDINIDAE","Delichon","Northern House Martin","(Linnaeus, 1758)",2017,"2016-10-01","LC",NA,"Decreasing",FALSE,TRUE,TRUE,"BirdLife International","Butchart, S.H.M. & Symes, A.",NA,"30800000",2000,NA,NA,NA,NA,NA,TRUE,"Map updated: Enlarged shade to W Mongolia. EOO updated."
22718546,"Anthus trivialis","ANIMALIA","CHORDATA","AVES","PASSERIFORMES","MOTACILLIDAE","Anthus","Tree Pipit","(Linnaeus, 1758)",2018,"2018-08-09","LC",NA,"Decreasing",FALSE,FALSE,TRUE,"BirdLife International","Wheatley, H.",NA,"35100000",4000,NA,NA,NA,NA,NA,NA,NA
22718556,"Anthus pratensis","ANIMALIA","CHORDATA","AVES","PASSERIFORMES","MOTACILLIDAE","Anthus","Meadow Pipit","(Linnaeus, 1758)",2021,"2021-08-17","LC",NA,"Decreasing",TRUE,TRUE,TRUE,"BirdLife International","Clark, J.",NA,"15600000",3000,0,NA,NA,NA,NA,NA,NA
103822349,"Motacilla flava","ANIMALIA","CHORDATA","AVES","PASSERIFORMES","MOTACILLIDAE","Motacilla","Western Yellow Wagtail","Linnaeus, 1758",2019,"2018-08-09","LC",NA,"Decreasing",FALSE,TRUE,TRUE,"BirdLife International","Wheatley, H.",NA,"40900000",4500,NA,NA,NA,NA,NA,TRUE,"Passage range added, updated EOO."
22718392,"Motacilla cinerea","ANIMALIA","CHORDATA","AVES","PASSERIFORMES","MOTACILLIDAE","Motacilla","Grey Wagtail","Tunstall, 1771",2017,"2016-10-01","LC",NA,"Stable",FALSE,TRUE,TRUE,"BirdLife International","Butchart, S.H.M. & Symes, A.",NA,"60700000",4100,NA,NA,NA,NA,NA,TRUE,"Map revised."
22718348,"Motacilla alba","ANIMALIA","CHORDATA","AVES","PASSERIFORMES","MOTACILLIDAE","Motacilla","White Wagtail","Linnaeus, 1758",2019,"2018-10-30","LC",NA,"Stable",FALSE,TRUE,TRUE,"BirdLife International","Smith, D.",NA,"37800000",5000,NA,NA,NA,NA,NA,NA,NA
22708156,"Cinclus cinclus","ANIMALIA","CHORDATA","AVES","PASSERIFORMES","CINCLIDAE","Cinclus","White-throated Dipper","(Linnaeus, 1758)",2018,"2018-08-09","LC",NA,"Decreasing",FALSE,TRUE,TRUE,"BirdLife International","Wheatley, H.",NA,"35900000",NA,NA,NA,NA,NA,NA,NA,NA
103883277,"Troglodytes troglodytes","ANIMALIA","CHORDATA","AVES","PASSERIFORMES","TROGLODYTIDAE","Troglodytes","Northern Wren","(Linnaeus, 1758)",2018,"2018-08-09","LC",NA,"Increasing",FALSE,FALSE,TRUE,"BirdLife International","Wheatley, H.",NA,"50800000",4575,0,NA,NA,NA,NA,NA,NA
22718651,"Prunella modularis","ANIMALIA","CHORDATA","AVES","PASSERIFORMES","PRUNELLIDAE","Prunella","Dunnock","(Linnaeus, 1758)",2018,"2018-08-09","LC",NA,"Decreasing",FALSE,FALSE,TRUE,"BirdLife International","Wheatley, H.",NA,"12900000",NA,NA,NA,NA,NA,NA,NA,NA
22709675,"Erithacus rubecula","ANIMALIA","CHORDATA","AVES","PASSERIFORMES","MUSCICAPIDAE","Erithacus","European Robin","(Linnaeus, 1758)",2018,"2018-08-09","LC",NA,"Increasing",FALSE,FALSE,TRUE,"BirdLife International","Wheatley, H.",NA,"23900000",2000,NA,NA,NA,NA,NA,NA,NA
22709696,"Luscinia megarhynchos","ANIMALIA","CHORDATA","AVES","PASSERIFORMES","MUSCICAPIDAE","Luscinia","Common Nightingale","(Brehm, 1831)",2017,"2016-10-01","LC",NA,"Stable",FALSE,FALSE,TRUE,"BirdLife International","Butchart, S.H.M. & Symes, A.",NA,"10200000",1400,NA,NA,NA,NA,NA,TRUE,"Added a country of occurrence and a Contributor."
22710051,"Phoenicurus ochruros","ANIMALIA","CHORDATA","AVES","PASSERIFORMES","MUSCICAPIDAE","Phoenicurus","Black Redstart","(Gmelin, 1774)",2019,"2018-08-09","LC",NA,"Increasing",TRUE,FALSE,TRUE,"BirdLife International","Wheatley, H.",NA,"22700000",3700,NA,NA,NA,NA,NA,TRUE,"Passage range added, updated EOO."
22710055,"Phoenicurus phoenicurus","ANIMALIA","CHORDATA","AVES","PASSERIFORMES","MUSCICAPIDAE","Phoenicurus","Common Redstart","(Linnaeus, 1758)",2019,"2016-10-01","LC",NA,"Increasing",FALSE,FALSE,TRUE,"BirdLife International","Butchart, S.H.M. & Symes, A.",NA,"20300000",2900,NA,NA,NA,NA,NA,TRUE,"Passage range added, updated EOO."
22710156,"Saxicola rubetra","ANIMALIA","CHORDATA","AVES","PASSERIFORMES","MUSCICAPIDAE","Saxicola","Whinchat","(Linnaeus, 1758)",2016,"2016-10-01","LC",NA,"Decreasing",FALSE,FALSE,TRUE,"BirdLife International","Butchart, S.H.M. & Symes, A.",NA,"17000000",3000,NA,NA,NA,NA,NA,NA,NA
103773898,"Oenanthe oenanthe","ANIMALIA","CHORDATA","AVES","PASSERIFORMES","MUSCICAPIDAE","Oenanthe","Northern Wheatear","(Linnaeus, 1758)",2018,"2018-08-09","LC",NA,"Decreasing",TRUE,TRUE,TRUE,"BirdLife International","Wheatley, H.",NA,"19300000",2800,NA,NA,NA,NA,NA,NA,NA
22708768,"Turdus torquatus","ANIMALIA","CHORDATA","AVES","PASSERIFORMES","TURDIDAE","Turdus","Ring Ouzel","Linnaeus, 1758",2019,"2018-08-09","LC",NA,"Stable",FALSE,FALSE,TRUE,"BirdLife International","Wheatley, H.",NA,"9170000",3000,300,NA,NA,NA,NA,TRUE,"Passage range added, updated EOO."
103888106,"Turdus merula","ANIMALIA","CHORDATA","AVES","PASSERIFORMES","TURDIDAE","Turdus","Eurasian Blackbird","Linnaeus, 1758",2016,"2016-10-01","LC",NA,"Increasing",FALSE,FALSE,TRUE,"BirdLife International","Butchart, S.H.M. & Symes, A.",NA,"32400000",2300,NA,NA,NA,NA,NA,NA,NA
22708816,"Turdus pilaris","ANIMALIA","CHORDATA","AVES","PASSERIFORMES","TURDIDAE","Turdus","Fieldfare","Linnaeus, 1758",2016,"2016-10-01","LC",NA,"Stable",FALSE,FALSE,TRUE,"BirdLife International","Butchart, S.H.M. & Symes, A.",NA,"21700000",NA,NA,NA,NA,NA,NA,NA,NA
22708822,"Turdus philomelos","ANIMALIA","CHORDATA","AVES","PASSERIFORMES","TURDIDAE","Turdus","Song Thrush","Brehm, 1831",2018,"2018-08-09","LC",NA,"Increasing",FALSE,FALSE,TRUE,"BirdLife International","Wheatley, H.",NA,"23300000",2800,NA,NA,NA,NA,NA,NA,NA
22708819,"Turdus iliacus","ANIMALIA","CHORDATA","AVES","PASSERIFORMES","TURDIDAE","Turdus","Redwing","Linnaeus, 1766",2017,"2016-10-01","NT",NA,"Decreasing",FALSE,FALSE,TRUE,"BirdLife International","Butchart, S.H.M. & Symes, A.",NA,"13300000",NA,NA,NA,NA,NA,NA,TRUE,"Edited Conservation Actions and Threats Information text; and added new threats, a new Conservation Action Needed and references. Also added a new Facilitator/Compiler."
22708829,"Turdus viscivorus","ANIMALIA","CHORDATA","AVES","PASSERIFORMES","TURDIDAE","Turdus","Mistle Thrush","Linnaeus, 1758",2016,"2016-10-01","LC",NA,"Decreasing",FALSE,FALSE,TRUE,"BirdLife International","Butchart, S.H.M. & Symes, A.",NA,"17000000",NA,600,NA,NA,NA,NA,NA,NA
22714445,"Cettia cetti","ANIMALIA","CHORDATA","AVES","PASSERIFORMES","SCOTOCERCIDAE","Cettia","Cetti's Warbler","(Temminck, 1820)",2017,"2016-10-01","LC",NA,"Increasing",FALSE,TRUE,TRUE,"BirdLife International","Butchart, S.H.M. & Symes, A.",NA,"18000000",1450,NA,NA,NA,NA,NA,TRUE,"Map revised."
22713491,"Cisticola juncidis","ANIMALIA","CHORDATA","AVES","PASSERIFORMES","CISTICOLIDAE","Cisticola","Zitting Cisticola","(Rafinesque, 1810)",2017,"2016-10-01","LC",NA,"Increasing",TRUE,TRUE,TRUE,"BirdLife International","Butchart, S.H.M. & Symes, A.",NA,"129000000",3000,NA,NA,NA,NA,NA,TRUE,"Map revised."
22714657,"Locustella naevia","ANIMALIA","CHORDATA","AVES","PASSERIFORMES","LOCUSTELLIDAE","Locustella","Common Grasshopper-warbler","(Boddaert, 1783)",2017,"2016-10-01","LC",NA,"Stable",FALSE,TRUE,TRUE,"BirdLife International","Butchart, S.H.M. & Symes, A.",NA,"16000000",NA,NA,NA,NA,NA,NA,TRUE,"Map updated: Deleted breeding season shade in C Spain; deleted breeding season shade in C Kazakhstan and N Uzbekistan. EOO updated."
22714684,"Locustella luscinioides","ANIMALIA","CHORDATA","AVES","PASSERIFORMES","LOCUSTELLIDAE","Locustella","Savi's Warbler","(Savi, 1824)",2016,"2016-10-01","LC",NA,"Stable",FALSE,TRUE,TRUE,"BirdLife International","Butchart, S.H.M. & Symes, A.",NA,"4970000",1200,NA,NA,NA,NA,NA,NA,NA
22714700,"Acrocephalus schoenobaenus","ANIMALIA","CHORDATA","AVES","PASSERIFORMES","ACROCEPHALIDAE","Acrocephalus","Sedge Warbler","(Linnaeus, 1758)",2016,"2016-10-01","LC",NA,"Stable",FALSE,TRUE,TRUE,"BirdLife International","Butchart, S.H.M. & Symes, A.",NA,"20100000",NA,NA,NA,NA,NA,NA,NA,NA
22714741,"Acrocephalus palustris","ANIMALIA","CHORDATA","AVES","PASSERIFORMES","ACROCEPHALIDAE","Acrocephalus","Marsh Warbler","(Bechstein, 1798)",2019,"2016-10-01","LC",NA,"Stable",FALSE,TRUE,TRUE,"BirdLife International","Butchart, S.H.M. & Symes, A.",NA,"2830000",NA,NA,NA,NA,NA,NA,TRUE,"Map updated: Passage range added. Updated EOO."
22714722,"Acrocephalus scirpaceus","ANIMALIA","CHORDATA","AVES","PASSERIFORMES","ACROCEPHALIDAE","Acrocephalus","Common Reed-warbler","(Hermann, 1804)",2019,"2016-10-01","LC",NA,"Stable",FALSE,TRUE,TRUE,"BirdLife International","Butchart, S.H.M. & Symes, A.",NA,"38000000",1400,NA,NA,NA,NA,NA,TRUE,"Map updated: Passage range added. Updated EOO."
22714916,"Hippolais icterina","ANIMALIA","CHORDATA","AVES","PASSERIFORMES","ACROCEPHALIDAE","Hippolais","Icterine Warbler","(Vieillot, 1817)",2017,"2016-10-01","LC",NA,"Decreasing",FALSE,FALSE,TRUE,"BirdLife International","Butchart, S.H.M. & Symes, A.",NA,"6350000",NA,NA,NA,NA,NA,NA,TRUE,"Map revised."
22716906,"Sylvia borin","ANIMALIA","CHORDATA","AVES","PASSERIFORMES","SYLVIIDAE","Sylvia","Garden Warbler","(Boddaert, 1783)",2017,"2016-10-01","LC",NA,"Decreasing",FALSE,FALSE,TRUE,"BirdLife International","Butchart, S.H.M. & Symes, A.",NA,"14700000",2300,NA,NA,NA,NA,NA,TRUE,"Added a country of occurrence and a Contributor. Edited Population Justification text."
22716901,"Sylvia atricapilla","ANIMALIA","CHORDATA","AVES","PASSERIFORMES","SYLVIIDAE","Sylvia","Eurasian Blackcap","(Linnaeus, 1758)",2016,"2016-10-01","LC",NA,"Increasing",FALSE,FALSE,TRUE,"BirdLife International","Butchart, S.H.M. & Symes, A.",NA,"27800000",2200,NA,NA,NA,NA,NA,NA,NA
22715260,"Phylloscopus sibilatrix","ANIMALIA","CHORDATA","AVES","PASSERIFORMES","PHYLLOSCOPIDAE","Phylloscopus","Wood Warbler","(Bechstein, 1793)",2016,"2016-10-01","LC",NA,"Decreasing",FALSE,FALSE,TRUE,"BirdLife International","Butchart, S.H.M. & Symes, A.",NA,"10700000",NA,NA,NA,NA,NA,NA,NA,NA
103843725,"Phylloscopus collybita","ANIMALIA","CHORDATA","AVES","PASSERIFORMES","PHYLLOSCOPIDAE","Phylloscopus","Common Chiffchaff","(Vieillot, 1817)",2019,"2016-10-01","LC",NA,"Increasing",FALSE,FALSE,TRUE,"BirdLife International","Butchart, S.H.M. & Symes, A.",NA,"14000000",3300,NA,NA,NA,NA,NA,TRUE,"Passage range added, updated EOO."
22715240,"Phylloscopus trochilus","ANIMALIA","CHORDATA","AVES","PASSERIFORMES","PHYLLOSCOPIDAE","Phylloscopus","Willow Warbler","(Linnaeus, 1758)",2016,"2016-10-01","LC",NA,"Decreasing",FALSE,TRUE,TRUE,"BirdLife International","Butchart, S.H.M. & Symes, A.",NA,"22200000",1000,NA,NA,NA,NA,NA,NA,NA
22734997,"Regulus regulus","ANIMALIA","CHORDATA","AVES","PASSERIFORMES","REGULIDAE","Regulus","Goldcrest","(Linnaeus, 1758)",2018,"2018-08-09","LC",NA,"Decreasing",FALSE,FALSE,TRUE,"BirdLife International","Wheatley, H.",NA,"50900000",4000,NA,NA,NA,NA,NA,NA,NA
22735002,"Regulus ignicapilla","ANIMALIA","CHORDATA","AVES","PASSERIFORMES","REGULIDAE","Regulus","Common Firecrest","(Temminck, 1820)",2016,"2016-10-01","LC",NA,"Stable",FALSE,FALSE,TRUE,"BirdLife International","Butchart, S.H.M. & Symes, A.",NA,"7610000",1600,NA,NA,NA,NA,NA,NA,NA
22709192,"Muscicapa striata","ANIMALIA","CHORDATA","AVES","PASSERIFORMES","MUSCICAPIDAE","Muscicapa","Spotted Flycatcher","(Pallas, 1764)",2019,"2018-08-09","LC",NA,"Decreasing",FALSE,FALSE,TRUE,"BirdLife International","Wheatley, H.",NA,"20600000",2200,NA,NA,NA,NA,NA,TRUE,"Passage range added, updated EOO."
22709308,"Ficedula hypoleuca","ANIMALIA","CHORDATA","AVES","PASSERIFORMES","MUSCICAPIDAE","Ficedula","European Pied Flycatcher","(Pallas, 1764)",2018,"2018-08-09","LC",NA,"Decreasing",FALSE,FALSE,TRUE,"BirdLife International","Wheatley, H.",NA,"5580000",NA,NA,NA,NA,NA,NA,NA,NA
22716776,"Panurus biarmicus","ANIMALIA","CHORDATA","AVES","PASSERIFORMES","PANURIDAE","Panurus","Bearded Reedling","(Linnaeus, 1758)",2016,"2016-10-01","LC",NA,"Unknown",FALSE,TRUE,TRUE,"BirdLife International","Butchart, S.H.M. & Symes, A.",NA,"23700000",3050,NA,NA,NA,NA,NA,NA,NA
103871923,"Aegithalos caudatus","ANIMALIA","CHORDATA","AVES","PASSERIFORMES","AEGITHALIDAE","Aegithalos","Long-tailed Tit","(Linnaeus, 1758)",2016,"2016-10-01","LC",NA,"Stable",FALSE,TRUE,TRUE,"BirdLife International","Butchart, S.H.M. & Symes, A.",NA,"44600000",NA,NA,NA,NA,NA,NA,NA,NA
22735995,"Poecile palustris","ANIMALIA","CHORDATA","AVES","PASSERIFORMES","PARIDAE","Poecile","Marsh Tit","(Linnaeus, 1758)",2017,"2016-10-01","LC",NA,"Decreasing",TRUE,TRUE,TRUE,"BirdLife International","Butchart, S.H.M. & Symes, A.",NA,"30100000",2500,NA,NA,NA,NA,NA,TRUE,"Map edited: Deleted green spot in C Spain. Shaded coastal Georgia. Shaded Sicily.. EOO updated."
155139697,"Poecile montanus","ANIMALIA","CHORDATA","AVES","PASSERIFORMES","PARIDAE","Poecile","Willow Tit","(Conrad von Baldenstein, 1827)",2019,"2019-07-31","LC",NA,"Decreasing",FALSE,TRUE,TRUE,"BirdLife International","Hermes, C.",NA,"33800000",4275,NA,NA,NA,NA,NA,NA,NA
22711810,"Lophophanes cristatus","ANIMALIA","CHORDATA","AVES","PASSERIFORMES","PARIDAE","Lophophanes","Crested Tit","(Linnaeus, 1758)",2016,"2016-10-01","LC",NA,"Decreasing",FALSE,FALSE,TRUE,"BirdLife International","Butchart, S.H.M. & Symes, A.",NA,"11600000",2300,NA,NA,NA,NA,NA,NA,NA
22735965,"Periparus ater","ANIMALIA","CHORDATA","AVES","PASSERIFORMES","PARIDAE","Periparus","Coal Tit","(Linnaeus, 1758)",2017,"2016-10-01","LC",NA,"Decreasing",FALSE,FALSE,TRUE,"BirdLife International","Butchart, S.H.M. & Symes, A.",NA,"52500000",4570,NA,NA,NA,NA,NA,TRUE,"Shaded all Lebanon; enlarged shade to N Syria; deleted the gap in Nepal; shaded race kuatunensis in SE China (S Anhui S to NW Fujian); enlarged blue shade in E Europe and Kazakhstan."
103761667,"Cyanistes caeruleus","ANIMALIA","CHORDATA","AVES","PASSERIFORMES","PARIDAE","Cyanistes","Eurasian Blue Tit","(Linnaeus, 1758)",2017,"2016-10-01","LC",NA,"Increasing",FALSE,FALSE,TRUE,"BirdLife International","Butchart, S.H.M. & Symes, A.",NA,"16600000",3500,NA,NA,NA,NA,NA,TRUE,"Map updated: Added gaps in S &amp; SE Spain (where very scarce). EOO updated. Edited Habitats and Ecology Information text."
22735990,"Parus major","ANIMALIA","CHORDATA","AVES","PASSERIFORMES","PARIDAE","Parus","Great Tit","Linnaeus, 1758",2016,"2016-10-01","LC",NA,"Increasing",FALSE,FALSE,TRUE,"BirdLife International","Butchart, S.H.M. & Symes, A.",NA,"89800000",4420,NA,NA,NA,NA,NA,NA,NA
103879804,"Sitta europaea","ANIMALIA","CHORDATA","AVES","PASSERIFORMES","SITTIDAE","Sitta","Eurasian Nuthatch","Linnaeus, 1758",2018,"2018-08-09","LC",NA,"Stable",FALSE,FALSE,TRUE,"BirdLife International","Wheatley, H.",NA,"51400000",2400,300,NA,NA,NA,NA,NA,NA
22735060,"Certhia familiaris","ANIMALIA","CHORDATA","AVES","PASSERIFORMES","CERTHIIDAE","Certhia","Eurasian Treecreeper","Linnaeus, 1758",2017,"2016-10-01","LC",NA,"Stable",FALSE,FALSE,TRUE,"BirdLife International","Butchart, S.H.M. & Symes, A.",NA,"35200000",3000,NA,NA,NA,NA,NA,TRUE,"<br/>Map revised."
22711249,"Certhia brachydactyla","ANIMALIA","CHORDATA","AVES","PASSERIFORMES","CERTHIIDAE","Certhia","Short-toed Treecreeper","Brehm, 1820",2016,"2016-10-01","LC",NA,"Increasing",FALSE,FALSE,TRUE,"BirdLife International","Butchart, S.H.M. & Symes, A.",NA,"8570000",NA,NA,NA,NA,NA,NA,NA,NA
103692938,"Oriolus oriolus","ANIMALIA","CHORDATA","AVES","PASSERIFORMES","ORIOLIDAE","Oriolus","Eurasian Golden Oriole","(Linnaeus, 1758)",2017,"2016-10-01","LC",NA,"Stable",FALSE,FALSE,TRUE,"BirdLife International","Butchart, S.H.M. & Symes, A.",NA,"11500000",2400,NA,NA,NA,NA,NA,TRUE,"Added Taxonomic Notes and associated references, a Country of Occurrence and a Contributor."
103723684,"Garrulus glandarius","ANIMALIA","CHORDATA","AVES","PASSERIFORMES","CORVIDAE","Garrulus","Eurasian Jay","(Linnaeus, 1758)",2017,"2016-10-01","LC",NA,"Stable",FALSE,FALSE,TRUE,"BirdLife International","Butchart, S.H.M. & Symes, A.",NA,"43100000",NA,NA,NA,NA,NA,NA,TRUE,"Map edited: Shaded S Japan and S Korea (see G. bispecularis). EOO updated."
103727048,"Pica pica","ANIMALIA","CHORDATA","AVES","PASSERIFORMES","CORVIDAE","Pica","Eurasian Magpie","(Linnaeus, 1758)",2017,"2016-10-01","LC",NA,"Stable",FALSE,FALSE,TRUE,"BirdLife International","Butchart, S.H.M. & Symes, A.",NA,"58600000",NA,NA,NA,NA,NA,NA,TRUE,"<p>Minor change to Red List Rationale text, edits to seasonality in country occurrence tables, and added Taxonomic Notes and associated references.<br/></p>"
22705916,"Pyrrhocorax pyrrhocorax","ANIMALIA","CHORDATA","AVES","PASSERIFORMES","CORVIDAE","Pyrrhocorax","Red-billed Chough","(Linnaeus, 1758)",2016,"2016-10-01","LC",NA,"Decreasing",TRUE,FALSE,TRUE,"BirdLife International","Butchart, S.H.M. & Symes, A.",NA,"51300000",NA,NA,NA,NA,NA,NA,NA,NA
22705983,"Corvus frugilegus","ANIMALIA","CHORDATA","AVES","PASSERIFORMES","CORVIDAE","Corvus","Rook","Linnaeus, 1758",2017,"2016-10-01","LC",NA,"Decreasing",FALSE,FALSE,TRUE,"BirdLife International","Butchart, S.H.M. & Symes, A.",NA,"35400000",NA,NA,NA,NA,NA,NA,TRUE,"Map edited: Deleted resident range from Afganisthan and shaded as wintering NW India; shaded NW China. EOO updated."
22706016,"Corvus corone","ANIMALIA","CHORDATA","AVES","PASSERIFORMES","CORVIDAE","Corvus","Carrion Crow","Linnaeus, 1758",2017,"2016-10-01","LC",NA,"Increasing",TRUE,TRUE,TRUE,"BirdLife International","Butchart, S.H.M. & Symes, A.",NA,"81600000",NA,NA,NA,NA,NA,NA,TRUE,"Map edited: Shaded S Yunnan as winter range. EOO updated."
22706068,"Corvus corax","ANIMALIA","CHORDATA","AVES","PASSERIFORMES","CORVIDAE","Corvus","Common Raven","Linnaeus, 1758",2017,"2016-10-01","LC",NA,"Increasing",FALSE,FALSE,TRUE,"BirdLife International","Butchart, S.H.M. & Symes, A.",NA,"137000000",5000,NA,NA,NA,NA,NA,TRUE,"Edited Country of Occurrence."
22710886,"Sturnus vulgaris","ANIMALIA","CHORDATA","AVES","PASSERIFORMES","STURNIDAE","Sturnus","Common Starling","Linnaeus, 1758",2019,"2018-10-31","LC",NA,"Decreasing",TRUE,FALSE,TRUE,"BirdLife International","Smith, D.",NA,"33200000",2000,NA,NA,NA,NA,NA,NA,NA
103818789,"Passer domesticus","ANIMALIA","CHORDATA","AVES","PASSERIFORMES","PASSERIDAE","Passer","House Sparrow","(Linnaeus, 1758)",2019,"2016-10-01","LC",NA,"Decreasing",FALSE,TRUE,TRUE,"BirdLife International","Butchart, S.H.M. & Symes, A.",NA,"68500000",4500,NA,NA,NA,NA,NA,TRUE,"Map for UAE Range updated, updated EOO."
22718270,"Passer montanus","ANIMALIA","CHORDATA","AVES","PASSERIFORMES","PASSERIDAE","Passer","Eurasian Tree Sparrow","(Linnaeus, 1758)",2017,"2016-10-01","LC",NA,"Decreasing",FALSE,FALSE,TRUE,"BirdLife International","Butchart, S.H.M. & Symes, A.",NA,"98300000",NA,NA,NA,NA,NA,NA,TRUE,"Added a country to the list of countries of occurrence, and added a Contributor."
22720030,"Fringilla coelebs","ANIMALIA","CHORDATA","AVES","PASSERIFORMES","FRINGILLIDAE","Fringilla","Common Chaffinch","Linnaeus, 1758",2019,"2018-08-09","LC",NA,"Increasing",FALSE,FALSE,TRUE,"BirdLife International","Wheatley, H.",NA,"23500000",NA,NA,NA,NA,NA,NA,TRUE,"Updated map: Added passage range. Added further resident range in Azores. EOO updated."
22720330,"Chloris chloris","ANIMALIA","CHORDATA","AVES","PASSERIFORMES","FRINGILLIDAE","Chloris","European Greenfinch","(Linnaeus, 1758)",2018,"2018-08-09","LC",NA,"Stable",FALSE,FALSE,TRUE,"BirdLife International","Wheatley, H.",NA,"23500000",NA,NA,NA,NA,NA,NA,NA,NA
103764950,"Carduelis carduelis","ANIMALIA","CHORDATA","AVES","PASSERIFORMES","FRINGILLIDAE","Carduelis","European Goldfinch","(Linnaeus, 1758)",2019,"2019-06-12","LC",NA,"Decreasing",FALSE,TRUE,TRUE,"BirdLife International","Martin, R.",NA,"25100000",4200,0,NA,NA,NA,NA,NA,NA
22720354,"Spinus spinus","ANIMALIA","CHORDATA","AVES","PASSERIFORMES","FRINGILLIDAE","Spinus","Eurasian Siskin","(Linnaeus, 1758)",2017,"2016-10-01","LC",NA,"Decreasing",FALSE,FALSE,TRUE,"BirdLife International","Butchart, S.H.M. & Symes, A.",NA,"33300000",NA,NA,NA,NA,NA,NA,TRUE,"Map revised and added Taxonomic Notes and associated references."
22720441,"Linaria cannabina","ANIMALIA","CHORDATA","AVES","PASSERIFORMES","FRINGILLIDAE","Linaria","Common Linnet","(Linnaeus, 1758)",2018,"2018-08-09","LC",NA,"Decreasing",FALSE,FALSE,TRUE,"BirdLife International","Wheatley, H.",NA,"27300000",NA,NA,NA,NA,NA,NA,NA,NA
22720438,"Linaria flavirostris","ANIMALIA","CHORDATA","AVES","PASSERIFORMES","FRINGILLIDAE","Linaria","Twite","(Linnaeus, 1758)",2017,"2016-10-01","LC",NA,"Decreasing",FALSE,FALSE,TRUE,"BirdLife International","Butchart, S.H.M. & Symes, A.",NA,"21400000",NA,NA,NA,NA,NA,NA,TRUE,"Map revised and added Taxonomic Notes and associated references."
22720638,"Loxia pytyopsittacus","ANIMALIA","CHORDATA","AVES","PASSERIFORMES","FRINGILLIDAE","Loxia","Parrot Crossbill","Borkhausen, 1793",2016,"2016-10-01","LC",NA,"Stable",FALSE,FALSE,TRUE,"BirdLife International","Butchart, S.H.M. & Symes, A.",NA,"4500000",NA,NA,NA,NA,NA,NA,NA,NA
22720671,"Pyrrhula pyrrhula","ANIMALIA","CHORDATA","AVES","PASSERIFORMES","FRINGILLIDAE","Pyrrhula","Eurasian Bullfinch","(Linnaeus, 1758)",2018,"2018-08-09","LC",NA,"Decreasing",FALSE,FALSE,TRUE,"BirdLife International","Wheatley, H.",NA,"37600000",2500,1000,NA,NA,NA,NA,NA,NA
22720681,"Coccothraustes coccothraustes","ANIMALIA","CHORDATA","AVES","PASSERIFORMES","FRINGILLIDAE","Coccothraustes","Hawfinch","(Linnaeus, 1758)",2017,"2016-10-01","LC",NA,"Increasing",FALSE,FALSE,TRUE,"BirdLife International","Butchart, S.H.M. & Symes, A.",NA,"33000000",NA,NA,NA,NA,NA,NA,TRUE,"Map revised."
22721043,"Plectrophenax nivalis","ANIMALIA","CHORDATA","AVES","PASSERIFORMES","CALCARIIDAE","Plectrophenax","Snow Bunting","(Linnaeus, 1758)",2016,"2016-10-01","LC",NA,"Decreasing",TRUE,FALSE,TRUE,"BirdLife International","Butchart, S.H.M. & Symes, A.",NA,"43400000",NA,NA,NA,NA,NA,NA,NA,NA
22720878,"Emberiza citrinella","ANIMALIA","CHORDATA","AVES","PASSERIFORMES","EMBERIZIDAE","Emberiza","Yellowhammer","Linnaeus, 1758",2016,"2016-10-01","LC",NA,"Decreasing",FALSE,FALSE,TRUE,"BirdLife International","Butchart, S.H.M. & Symes, A.",NA,"21600000",NA,NA,NA,NA,NA,NA,NA,NA
22720888,"Emberiza cirlus","ANIMALIA","CHORDATA","AVES","PASSERIFORMES","EMBERIZIDAE","Emberiza","Cirl Bunting","Linnaeus, 1766",2018,"2018-08-09","LC",NA,"Increasing",FALSE,FALSE,TRUE,"BirdLife International","Wheatley, H.",NA,"6350000",NA,NA,NA,NA,NA,NA,NA,NA
22721012,"Emberiza schoeniclus","ANIMALIA","CHORDATA","AVES","PASSERIFORMES","EMBERIZIDAE","Emberiza","Reed Bunting","(Linnaeus, 1758)",2019,"2018-08-09","LC",NA,"Decreasing",FALSE,TRUE,TRUE,"BirdLife International","Wheatley, H.",NA,"39000000",NA,NA,NA,NA,NA,NA,TRUE,"Updated map: Added passage range. Redrew range in Iberia. EOO updated."
22721020,"Emberiza calandra","ANIMALIA","CHORDATA","AVES","PASSERIFORMES","EMBERIZIDAE","Emberiza","Corn Bunting","Linnaeus, 1758",2019,"2018-08-07","LC",NA,"Decreasing",FALSE,FALSE,TRUE,"BirdLife International","Wheatley, H.",NA,"22500000",500,NA,NA,NA,NA,NA,TRUE,"Map for UAE Range updated, updated EOO."
22718567,"Anthus petrosus","ANIMALIA","CHORDATA","AVES","PASSERIFORMES","MOTACILLIDAE","Anthus","Rock Pipit","(Montagu, 1798)",2018,"2018-08-09","LC",NA,"Stable",TRUE,TRUE,TRUE,"BirdLife International","Wheatley, H.",NA,"3720000",400,NA,NA,NA,NA,NA,NA,NA
22679893,"Anser indicus","ANIMALIA","CHORDATA","AVES","ANSERIFORMES","ANATIDAE","Anser","Bar-headed Goose","(Latham, 1790)",2018,"2018-08-09","LC",NA,"Decreasing",FALSE,TRUE,TRUE,"BirdLife International","Wheatley, H.",NA,"5290000",5000,NA,NA,NA,NA,NA,NA,NA
22679919,"Anser canagicus","ANIMALIA","CHORDATA","AVES","ANSERIFORMES","ANATIDAE","Anser","Emperor Goose","(Sevastianov, 1802)",2016,"2016-10-01","NT",NA,"Decreasing",TRUE,TRUE,TRUE,"BirdLife International","Butchart, S.H.M. & Symes, A.",NA,"775000",NA,NA,NA,NA,NA,NA,NA,NA
22680061,"Cairina moschata","ANIMALIA","CHORDATA","AVES","ANSERIFORMES","ANATIDAE","Cairina","Muscovy Duck","(Linnaeus, 1758)",2018,"2018-08-09","LC",NA,"Decreasing",FALSE,TRUE,TRUE,"BirdLife International","Wheatley, H.",NA,"22200000",1000,NA,NA,NA,NA,NA,NA,NA
22725044,"Acanthis flammea","ANIMALIA","CHORDATA","AVES","PASSERIFORMES","FRINGILLIDAE","Acanthis","Redpoll","(Linnaeus, 1758)",2019,"2018-08-09","LC",NA,"Decreasing",FALSE,FALSE,TRUE,"BirdLife International","Wheatley, H.",NA,"19400000",NA,NA,NA,NA,NA,NA,TRUE,"Passage range added, updated extent of occurrence."
22680007,"Tadorna cana","ANIMALIA","CHORDATA","AVES","ANSERIFORMES","ANATIDAE","Tadorna","South African Shelduck","(Gmelin, 1789)",2016,"2016-10-01","LC",NA,"Increasing",FALSE,TRUE,TRUE,"BirdLife International","Butchart, S.H.M. & Symes, A.",NA,"2160000",NA,NA,NA,NA,NA,NA,NA,NA
22736320,"Anas flavirostris","ANIMALIA","CHORDATA","AVES","ANSERIFORMES","ANATIDAE","Anas","Yellow-billed Teal","Vieillot, 1816",2016,"2016-10-01","LC",NA,"Decreasing",FALSE,TRUE,FALSE,"BirdLife International","Butchart, S.H.M. & Symes, A.",NA,"12200000",4400,NA,NA,NA,NA,NA,NA,NA
22679843,"Cygnus atratus","ANIMALIA","CHORDATA","AVES","ANSERIFORMES","ANATIDAE","Cygnus","Black Swan","(Latham, 1790)",2018,"2018-08-09","LC",NA,"Stable",TRUE,TRUE,TRUE,"BirdLife International","Wheatley, H.",NA,"9960000",NA,NA,NA,NA,NA,NA,NA,NA
45427277,"Myiopsitta monachus","ANIMALIA","CHORDATA","AVES","PSITTACIFORMES","PSITTACIDAE","Myiopsitta","Monk Parakeet","(Boddaert, 1783)",2018,"2018-08-09","LC",NA,"Increasing",FALSE,FALSE,TRUE,"BirdLife International","Wheatley, H.",NA,"3130000",1000,NA,NA,NA,NA,NA,NA,NA
22679435,"Pavo cristatus","ANIMALIA","CHORDATA","AVES","GALLIFORMES","PHASIANIDAE","Pavo","Indian Peafowl","Linnaeus, 1758",2016,"2016-10-01","LC",NA,"Stable",FALSE,FALSE,TRUE,"BirdLife International","Butchart, S.H.M. & Symes, A.",NA,"4380000",2000,NA,NA,NA,NA,NA,NA,NA
62030970,"Larus michahellis","ANIMALIA","CHORDATA","AVES","CHARADRIIFORMES","LARIDAE","Larus","Yellow-legged Gull","J. F. Naumann, 1840",2019,"2019-08-19","LC",NA,"Increasing",TRUE,TRUE,TRUE,"BirdLife International","Smith, D.",NA,"12200000",NA,NA,NA,NA,NA,NA,NA,NA
22679555,"Numida meleagris","ANIMALIA","CHORDATA","AVES","GALLIFORMES","NUMIDIDAE","Numida","Helmeted Guineafowl","(Linnaeus, 1758)",2018,"2018-08-09","LC",NA,"Stable",FALSE,TRUE,TRUE,"BirdLife International","Wheatley, H.",NA,"24500000",3000,NA,NA,NA,NA,NA,NA,NA
22695838,"Parabuteo unicinctus","ANIMALIA","CHORDATA","AVES","ACCIPITRIFORMES","ACCIPITRIDAE","Parabuteo","Harris's Hawk","(Temminck, 1824)",2016,"2016-10-01","LC",NA,"Decreasing",FALSE,FALSE,TRUE,"BirdLife International","Butchart, S.H.M. & Symes, A.",NA,"34100000",1900,1000,NA,NA,NA,NA,NA,NA
